Profile Key 1,Profile Key 2,IDENT,D1,SIB,D2
C0-NA,R0-NA,1.42486e+16,1.82048e+07,3.89624e+10,61772.3
C0-NA,R9-NA,1.42486e+16,1.82048e+07,3.89624e+10,61772.3
C3-NA,R0-NA,1.42486e+16,1.82048e+07,3.89624e+10,61772.3
C3-NA,R9-NA,1.42486e+16,1.82048e+07,3.89624e+10,61772.3
C6-NA,R0-NA,1.42486e+16,1.82048e+07,3.89624e+10,61772.3
C6-NA,R9-NA,1.42486e+16,1.82048e+07,3.89624e+10,61772.3
C9-NA,R0-NA,1.42486e+16,1.82048e+07,3.89624e+10,61772.3
C9-NA,R9-NA,1.42486e+16,1.82048e+07,3.89624e+10,61772.3
