Profile Key 1,Profile Key 2,IDENT,D1,SIB,D2
R0-NA,C0-NA,3.87727e+16,6.03317e+07,1.22542e+11,<1e+06
R0-NA,C333-NA,3.87727e+16,6.03317e+07,1.22542e+11,<1e+06
R0-NA,C666-NA,3.87727e+16,6.03317e+07,1.22542e+11,<1e+06
R0-NA,C999-NA,3.87727e+16,6.03317e+07,1.22542e+11,<1e+06
R6914-NA,C407-NA,<1e+06,1.28545e+06,<1e+06,<1e+06
R9999-NA,C0-NA,3.87727e+16,6.03317e+07,1.22542e+11,<1e+06
R9999-NA,C333-NA,3.87727e+16,6.03317e+07,1.22542e+11,<1e+06
R9999-NA,C666-NA,3.87727e+16,6.03317e+07,1.22542e+11,<1e+06
R9999-NA,C999-NA,3.87727e+16,6.03317e+07,1.22542e+11,<1e+06
