Profile Key 1,Profile Key 2,IDENT,D1,SIB,D2,D(3)
Testprof-P1,Testprof-P1B,1.56349e+15,1.45617e+06,1.50804e+09,6636.76,164.32
Testprof-P1,Testprof-P2,0,0,0.0720574,0.386416,1.35981
Testprof-P1,Testprof-P3,0,8014.8,10081.7,328.986,30.727
Testprof-P1B,Testprof-P2,0,0,0.0720574,0.386416,1.35981
Testprof-P1B,Testprof-P3,0,8014.8,10081.7,328.986,30.727
Testprof-P2,Testprof-P3,0,0,6.61698,1.37928,2.92971
