Profile Key 1,Profile Key 2,IDENT,D1,SIB,D2,D(3)
Testprof-P1,Testprof-P1B,1.33077e+18,6.18962e+07,4.33264e+11,132740,1448.96
Testprof-P1,Testprof-P2,0,0,1.79142,2.86995,5.79034
Testprof-P1,Testprof-P3,0,431168,1.6104e+06,7515.75,289.919
Testprof-P1B,Testprof-P2,0,0,1.79142,2.86995,5.79034
Testprof-P1B,Testprof-P3,0,431168,1.6104e+06,7515.75,289.919
Testprof-P2,Testprof-P3,0,0,578.033,15.9582,18.4057
